product_id,name,category,price
1,Almond Flour Bread Mix,Beauty,4.89
2,Rechargeable Electric Toothbrush,Clothing,49.99
3,Bike Helmet,Garden,34.99
4,DIY Organic Gardening Kit,Toys,39.99
5,First Aid Kit,Health,29.99
6,Fitness Mat,Computers,49.99
7,Vegetable Lasagna,Clothing,6.99
8,Sesame Garlic Stir-Fry Sauce,Clothing,2.79
9,Miso Soup Starter,Games,2.99
10,Voice-Controlled Speaker,Grocery,99.99
11,Reusable Silicone Food Storage Bags,Toys,19.99
12,Gardening Tools Set,Toys,45
13,Samsung Galaxy Smartwatch,Shoes,249.99
14,Kombucha Drink,Clothing,3.49
15,Sesame Garlic Stir-Fry Sauce,Health,2.79
16,Digital Alarm Clock,Kids,19.99
17,Multi-Function Meat Tenderizer,Books,19.99
18,Beach Cover-Up,Garden,29.99
19,Chunky Knit Sweater,Electronics,59.99
20,Graphic Tee,Games,19.99
21,Balsamic Glaze,Sports,4.79
22,DIY Lip Balm Kit,Games,22.99
23,Kids Tablet,Baby,129.99
24,Coloring Books for Adults,Automotive,14.99
25,Frozen Salmon Filets,Books,12.99
26,Thai Red Curry Paste,Clothing,3.99
27,Cucumber,Grocery,0.99
28,Buffalo Wing Sauce,Automotive,3.99
29,Sooji (Semolina),Sports,1.99
30,Italian Marinara Sauce,Games,3.29
31,Essential Oils Diffuser Necklace,Beauty,19.99
32,Creamy Tomato Basil Soup,Grocery,3.29
33,Multicolored LED Strip Lights,Outdoors,29.99
34,Mini Air Purifier,Games,49.99
35,Travel Mug,Home,18.99
36,Kids' STEM Robotics Kit,Automotive,59.99
37,French Bread,Health,2.49
38,Folding Table,Books,59.99
39,Raspberry Limeade,Health,1.99
40,Emergency Preparedness Kit,Movies,99.99
41,Casual Cropped Sweater,Computers,39.99
42,Roasted Red Pepper Sauce,Music,3.29
43,Honey Mustard Chicken Breasts,Games,8.99
44,Adjustable Skipping Rope,Industrial,12.99
45,Almond Crunch Granola Bars,Movies,3.49
46,LED Christmas Tree Lights,Computers,34.99
47,Rechargeable Battery Organizer,Tools,17.99
48,Smartphone Hand Grip,Computers,9.99
49,Oven-Baked Parmesan Zucchini,Health,4.99
50,Drone,Industrial,249.99
51,Thai Peanut Noodles,Automotive,4.99
52,Low-Fat Cottage Cheese,Electronics,2.99
53,Set of Decorative Storage Bins,Home,34.99
54,Eco-Friendly Yoga Mat,Grocery,39.99
55,Mediterranean Chickpea Salad,Music,5.99
56,Teriyaki Salmon Fillets,Shoes,9.99
57,Grass Fed Beef Patties,Movies,9.99
58,Outdoor String Lights,Games,24.99
59,Puzzle 3D Model Kit,Kids,22.99
60,Thermostatic Shower Valve Kit,Industrial,39.99
61,Non-Stick Crepe Pan,Music,29.99
62,Fitbit Activity Tracker,Shoes,99.99
63,Cinnamon Roll Protein Bar,Automotive,2.99
64,Canned Sardines,Health,3.29
65,Kettle Chip Variety Pack,Kids,3.99
66,Classic Black Trousers,Movies,54.99
67,Art Supplies Organizer,Movies,18.99
68,Green Smoothie Mix,Jewelry,5.99
69,Ceramic Knife Set,Outdoors,39.99
70,Honey Almond Granola Bars,Clothing,3.99
71,Chocolate Mint Protein Shake,Industrial,3.99
72,Chili Lime Shrimp,Clothing,8.99
73,Pasta (Linguine),Tools,1.89
74,Smartphone Tripod with Bluetooth Remote,Grocery,29.99
75,Whole Wheat Bread,Grocery,2.49
76,Insulated Sport Tumbler,Health,22.99
77,Vegetable Lentil Soup,Games,3.49
78,Warm Wool Sweater,Home,59.99
79,Herb Drying Rack,Automotive,22.99
80,Weighted Jump Rope with Counter,Shoes,14.99
81,Chocolate Chip Muffins,Games,3.99
82,Sliced Provolone Cheese,Health,3.99
83,Frozen Cauliflower Rice,Automotive,2.99
84,Hummus,Electronics,4.29
85,Cereal Dispenser with Portion Control,Movies,24.99
86,Water-Resistant Bluetooth Speaker,Garden,59.99
87,Blackberry Compote,Outdoors,5.29
88,Cinnamon Rolls,Games,4.49
89,Laptop Sleeve,Sports,24.99
90,Wall Decals for Kids,Industrial,24.99
91,Pepperoni Pizza Roll-Ups,Toys,5.99
92,Fashionable Belt Bag,Outdoors,34.99
93,Teriyaki Salmon Fillets,Home,9.99
94,Brussels Sprouts,Tools,3.49
95,Vegetarian Sausage Links,Toys,5.89
96,Thai Peanut Dressing,Movies,3.29
97,Ripped Boyfriend Jeans,Shoes,54.99
98,Vegan Tacos,Garden,7.49
99,Robot Vacuum Cleaner,Beauty,299.99
100,Vegetable Lentil Soup,Clothing,3.49
101,Organic Whole Wheat Flour,Computers,2.99
102,Slingback Sandals,Shoes,29.99
103,Electric Food Slicer,Music,99.99
104,Cranberry Almond Cookies,Sports,4.29
105,Sliced Strawberries,Tools,4.99
106,Roasted Garlic Butter,Games,3.29
107,Compact Electric Kettle,Kids,29.99
108,Rainbow Veggie Chips,Clothing,3.29
109,Teriyaki Sauce,Movies,2.99
110,Spicy Thai Coconut Soup,Garden,3.99
111,Portable Grill Cover,Industrial,24.99
112,Cranberry Almond Biscotti,Garden,4.19
113,Stainless Steel Travel Mug,Clothing,19.99
114,Pasta Primavera Kit,Kids,7.49
115,Quinoa and Kale Salad Kit,Computers,5.29
116,Cheddar Cheese Slices,Home,3.49
117,Gardening Tool Belt,Books,22.99
118,Wireless Charging Station,Jewelry,39.99
119,USB Wall Charger,Industrial,19.99
120,Electric Screwdriver,Computers,59.99
121,Multifunctional Pocket Tool,Books,19.99
122,Honey,Garden,5.49
123,Honey,Garden,5.49
124,Electric Bike,Outdoors,899.99
125,Roasted Garlic Pasta Sauce,Jewelry,4.99
126,Fleece Throw Blanket,Games,29.99
127,Insulated Coffee Mug,Electronics,24.99
128,Halloween Decoration Set,Jewelry,29.99
129,Matcha Green Tea Powder,Beauty,14.99
130,Bike Helmet,Baby,34.99
131,Cinnamon Roll Protein Bar,Health,2.99
132,Graphic Tee,Games,19.99
133,Mini Air Purifier,Beauty,49.99
134,Halloween Decoration Set,Industrial,29.99
135,Smashed Avocado with Lime,Health,2.49
136,Kids' STEM Robotics Kit,Beauty,59.99
137,Spinach Pizza Rolls,Baby,4.99
138,Solar Power Bank,Tools,39.99
139,Chicken Parmesan Dinner Kit,Garden,14.99
140,Car Emergency Kit,Health,49.99
141,Adjustable Standing Desk,Shoes,299.99
142,Sliced Provolone Cheese,Baby,3.99
143,Herbal Tea Set,Garden,19.99
144,Fresh Basil Pesto,Health,4.79
145,Kids' Gardening Kit,Music,24.99
146,Spinach and Feta Wraps,Shoes,4.99
147,Pet Food Storage Container,Home,24.99
148,Coconut Bowls Set,Electronics,22.99
149,Peach & Mango Salsa,Industrial,4.49
150,Teriyaki Stir-Fry Sauce,Grocery,3.49
151,Chopping Board,Music,29.99
152,Breathable Face Mask Set,Shoes,14.99
153,Baking Soda,Tools,0.99
154,Chicken Fajita Kit,Health,8.99
155,Pressure Cooker,Industrial,89
156,Wine Glasses,Health,29.99
157,Chocolate Avocado Pudding,Outdoors,4.99
158,Red Lentil Pasta,Health,3.99
159,Beef Stew Meat,Beauty,5.99
160,Yoga Mat Carrier,Toys,12.99
161,Stainless Steel Grater,Jewelry,14.99
162,Yoga Mat Carrier,Music,12.99
163,Italian Marinara Sauce,Electronics,3.29
164,Fresh Basil Pesto,Kids,4.79
165,Jasmine Rice,Music,2.39
166,Sliced Olives,Shoes,1.99
167,Sparkling Blood Orange Soda,Jewelry,1.99
168,Pesto Pasta Salad,Games,4.99
169,Chocolate Dipped Fruit,Grocery,5.99
170,Non-Toxic Concrete Sealer,Jewelry,39.99
171,Travel Luggage Scale,Grocery,14.99
172,Wireless Keyboard and Mouse Combo,Books,34.99
173,Creamy Tomato Basil Soup,Automotive,3.29
174,Rolling Cooler,Computers,59.99
175,Weighted Blanket,Industrial,79.99
176,Multifunctional Pocket Tool,Tools,19.99
177,Underwater Camera,Tools,199.99
178,LED Makeup Mirror,Toys,39.99
179,Smart Wi-Fi Camera,Music,89.99
180,Peach Slices (canned),Health,2.49
181,Peach Yogurt,Kids,1.29
182,Ready-to-Eat Chili,Health,2.99
183,Camping Tarp,Outdoors,32.99
184,Savory Trail Mix,Tools,4.29
185,Coconut Chia Pudding,Games,3.49
186,Wireless Range Extender,Beauty,49.99
187,Pet Grooming Kit,Baby,39.99
188,Wooden Toy Train Set,Music,29.99
189,Outdoor Inflatable Pool,Games,149.99
190,Electric Heat Pad,Automotive,24.99
191,Basic V-Neck T-Shirt,Jewelry,19.99
192,Wireless Charging Pad,Outdoors,19.99
193,Sweet Potato Mash,Computers,3.99
194,Baking Powder,Shoes,1.79
195,Mini Indoor Hydroponic Garden,Toys,59.99
196,Deep Tissue Massage Gun,Sports,89.99
197,Organic Almonds,Shoes,8.99
198,Cinnamon Rolls,Health,4.49
199,Smoked Paprika Chicken Thighs,Clothing,6.99
200,Bike Helmet,Books,34.99
201,Wrap Front Midi Skirt,Beauty,44.99
202,Electric Razor,Music,59.99
203,Handmade Wooden Utensil Set,Tools,24.99
204,Beef Chili,Automotive,4.5
205,Basil Tomato Soup,Kids,2.99
206,Folding Table,Automotive,59.99
207,Apple Sauce,Outdoors,2.19
208,Portable Solar Generator,Toys,399.99
209,Wireless Music Receiver,Toys,19.99
210,Phone Screen Protector,Garden,12.99
211,Vegetarian Stuffed Peppers,Jewelry,4.99
212,Frozen Spinach,Toys,1.99
213,Herbed Couscous,Outdoors,2.49
214,Pumpkin Pancake Mix,Health,4.19
215,Tandoori Chicken Skewers,Beauty,7.99
216,Infrared Space Heater,Beauty,99.99
217,Fitness Foam Roller,Kids,29.99
218,Chipotle Sauce,Health,3.29
219,Pineapple Chunks (canned),Beauty,2.29
220,Electric Egg Cooker,Games,29.99
221,Electric Knife,Baby,39.99
222,Travel Shoe Bags Set,Electronics,15.99
223,Cranberry Orange Oatmeal,Books,2.49
224,Home Cleaning Robot,Movies,249.99
225,Sweet Potato & Kale Hash,Movies,5.49
226,Party Mini Dress,Beauty,69.99
227,Wall Art,Shoes,45
228,Veggie Lovers Pizza,Books,8.99
229,Sweet BBQ Dipping Sauce,Automotive,3.49
230,Zucchini Noodle Pasta,Games,3.99
231,Vanilla Protein Powder,Movies,24.99
232,Maple Pecan Granola,Games,4.49
233,Blue Denim Jeans,Books,49.99
234,Coconut Cream,Electronics,2.99
235,Gaming Mousepad,Movies,19.99
236,Chickpea Salad,Baby,5.49
237,Cinnamon Rolls,Home,4.49
238,Rainbow Veggie Chips,Baby,3.29
239,Kids' Dinosaur-Themed Lunchbox,Sports,19.99
240,Asian Stir-Fry Vegetables,Outdoors,2.99
241,Bluetooth Car Adapter,Books,24.99
242,Miso Dressing,Home,3.49
243,Honey Sesame Cashews,Outdoors,4.49
244,Kids' Craft Supplies Set,Baby,24.99
245,Berries Medley,Baby,6.99
246,Adjustable Kneeling Pad,Games,18.99
247,Smoked Gouda Cheese,Health,5.49
248,Rain Jacket,Sports,64.99
249,Hummus Trio Pack,Music,5.49
250,Pet Grooming Glove,Music,12.99
251,Sculpting Kit,Kids,25.99
252,Chicken Salad Kit,Grocery,5.99
253,Coconut Water,Clothing,2.49
254,Chickpea Pancakes,Computers,4.99
255,Whisk Set,Tools,12.99
256,Portable Pet Water Bottle,Sports,18.99
257,Smart WiFi Plug,Baby,19.99
258,Dog Walking Waist Pack,Movies,19.99
259,Teriyaki Chicken Skewers,Industrial,8.99
260,Wooden Puzzle Game,Baby,14.99
261,Nutty Quinoa Salad,Games,4.99
262,Leather Biker Jacket,Beauty,129.99
263,Ramen Noodle Soup Cups,Beauty,1.29
264,Crispy Chickpeas,Home,2.99
265,Denim Jacket,Electronics,69.99
266,Phone Case,Clothing,14.99
267,Portable Air Purifier,Movies,69.99
268,Sliced Turkey Breast,Baby,5.49
269,First Aid Kit,Clothing,29.99
270,Black Bean & Corn Salad,Tools,3.99
271,Pasta Salad Kit,Jewelry,5.99
272,Telescope,Industrial,159.99
273,Non-Stick Baking Sheets,Beauty,29.99
274,Car Windshield Sun Shade,Kids,19.99
275,Potting Soil,Clothing,15.99
276,Magnetic Curtain Tiebacks,Sports,12.99
277,Children's Science Experiment Lab Kit,Automotive,29.99
278,Herb Seasoned Couscous,Shoes,2.49
279,Egg Noodles,Garden,2.29
280,Digital Bullet Journal,Industrial,24.99
281,Ginger Tea,Toys,4.99
282,Eco-Friendly Beeswax Wraps,Games,14.99
283,Brussels Sprouts,Tools,3.49
284,Cat Tree with Scratching Posts,Music,79.99
285,LED Desk Lamp with USB Charging Port,Jewelry,29.99
286,Organic Coconut Oil,Kids,8.99
287,Durable Hiking Boots,Books,89.99
288,Heart-Shaped Baking Molds,Automotive,10.99
289,Pet Waterer with Filtration,Clothing,39.99
290,Italian Meatballs,Garden,8.49
291,Canvas High-Top Sneakers,Tools,49.99
292,Gardening Fairy Figurines,Industrial,14.99
293,Tattoo Kit,Sports,99.99
294,Balsamic Vinegar,Books,4.99
295,Tactical Backpack,Automotive,59.99
296,Vegetable Stir-Fry Kit,Baby,6.99
297,Self-Inflating Camping Mattress,Automotive,49.99
298,Fruit and Nut Energy Bites,Clothing,2.99
299,Jalapeño Cornbread,Music,3.29
300,Lemon Dill Salmon,Health,9.99
301,Noise Reduction Headphones,Jewelry,39.99
302,Lemon Basil Pasta Sauce,Jewelry,4.99
303,Stuffed Peppers with Quinoa,Movies,7.99
304,Pasta (Linguine),Health,1.89
305,Caramelized Onion Dip,Computers,3.99
306,Smoked Paprika Chicken Thighs,Shoes,6.99
307,Jalapeño Cornbread,Electronics,3.29
308,Fresh Lemons,Books,0.75
309,Coconut Cream Pie Mix,Beauty,4.99
310,Pet Bed,Electronics,39.99
311,Reversible Comforter Set,Sports,89.99
312,Apricot Jam,Jewelry,4.29
313,Chunky Knit Sweater,Books,59.99
314,Vanilla Ice Cream,Beauty,4.99
315,Garlic Herb Cream Cheese,Automotive,2.99
316,Chocolate Dipped Fruit,Industrial,5.99
317,Foot Massager,Music,79.99
318,Wild Rice Pilaf,Beauty,3.79
319,Garden Hose Reel,Books,49.99
320,Legging Pants,Tools,34.99
321,Multi-Port USB Hub,Computers,19.99
322,Magnetic Phone Car Mount,Music,14.99
323,Gardening Fairy Figurines,Garden,14.99
324,Luxury Bath Salts,Garden,19.99
325,Greek Yogurt Parfait,Music,4.49
326,Handmade Leather Journal,Home,39.99
327,Mini Waffle Maker,Shoes,24.99
328,Smart WiFi Plug,Kids,19.99
329,Crispy Onion Rings,Books,4.29
330,Sliced Olives,Toys,1.99
331,Digital Alarm Clock,Health,19.99
332,Pumpkin Spice Pancake Mix,Health,3.49
333,Water Bottle with Built-in Fruit Infuser,Garden,18.99
334,Noise Reduction Headphones,Music,39.99
335,Turkey Bacon,Books,3.99
336,Electric Blanket,Music,59.99
337,Wall Calendar,Shoes,17.99
338,Eco-Friendly Yoga Blocks,Movies,15.99
339,Essential Oil Roller Bottles,Computers,19.99
340,Cotton Sweatpants,Sports,29.99
341,Sous Vide Cooker,Kids,79.99
342,Rustic Italian Bread,Outdoors,3.59
343,Organic Italian Seasoning,Home,2.99
344,Chipotle Lime Salsa,Baby,3.99
345,Cheddar & Bacon Potato Skins,Toys,7.49
346,Coconut Curry Sauce,Computers,3.89
347,Organic Tomato Soup,Home,3.79
348,Infrared Thermometer,Computers,39.99
349,Magnet Travel Fridge Magnets,Jewelry,12.99
350,Smart Water Bottle with Hydration Reminder,Garden,39.99
351,Italian Sausage and Peppers,Games,8.99
352,Insulated Wine Tote,Industrial,24.99
353,Chili Beans (canned),Automotive,1.69
354,Ergonomic Gaming Chair,Kids,199.99
355,Face Mask Set,Computers,19.99
356,Freestanding Wine Rack,Sports,79.99
357,Chili Beans in Sauce,Tools,1.79
358,Cheese Stuffed Jalapenos,Kids,5.99
359,Faux Fur Coat,Shoes,129.99
360,Compact Portable Grill,Shoes,79.99
361,Mango Chunks,Health,4.89
362,Backpacking Tent,Automotive,109.99
363,Puzzle,Shoes,27.99
364,Instant Mashed Potatoes,Health,1.79
365,Thermostatic Shower Valve Kit,Jewelry,39.99
366,Smartphone Projector,Beauty,29.99
367,Knitted Infinity Scarf,Jewelry,29.99
368,Vacuum Sealer Machine,Automotive,89.99
369,Pumpkin Seeds,Books,2.79
370,Caramelized Onion Dip,Health,3.99
371,Pet Grooming Scissors,Sports,16.99
372,Insulated Lunch Bag,Electronics,24.99
373,Chiffon Blouse,Home,39.99
374,Wrap Front Midi Skirt,Automotive,44.99
375,Pineapple Coconut Rice Mix,Shoes,3.99
376,Travel Jewelry Organizer,Industrial,19.99
377,Bamboo Bathtub Caddy,Electronics,34.99
378,Portable Bluetooth Speaker,Kids,49.99
379,Portable Dog Water Bottle,Clothing,18.99
380,Sweet Potato & Kale Hash,Industrial,5.49
381,Matcha Green Tea Powder,Outdoors,14.99
382,Insulated Cooler,Toys,39.99
383,Organic Quinoa Chips,Home,3.99
384,Portable Hand Warmer,Garden,24.99
385,Chicken Sausage,Health,6.99
386,Fresh Lemons,Computers,0.75
387,Measuring Cups Set,Music,19.99
388,Honey Nut Cheerios,Toys,4.29
389,Creamy Ranch Dressing,Kids,2.49
390,Pet Water Fountain with Filtration,Tools,39.99
391,Classic Vanilla Fudge,Health,4.49
392,Blue Denim Jeans,Industrial,49.99
393,Sweet Potato Fries,Outdoors,3.99
394,Travel Jewelry Organizer,Clothing,19.99
395,Smartphone Stand,Games,15.49
396,Maple Cinnamon Almonds,Automotive,4.29
397,Quinoa and Kale Salad Kit,Shoes,5.29
398,Tomato Basil Soup,Beauty,3.49
399,Smartphone Tripod with Remote,Garden,29.99
400,Bamboo Bathtub Caddy,Clothing,34.99
401,Vanilla Pudding Mix,Industrial,1.29
402,Maple Pecan Oatmeal Cookies,Tools,3.99
403,Wireless Security Camera,Shoes,109.99
404,Ergonomic Mouse Pad with Wrist Support,Toys,14.99
405,Marinara Parmesan Baked Ziti,Grocery,8.49
406,Caramel Sauce,Outdoors,3.49
407,Organic Chia Seeds,Clothing,7.99
408,Caramel Apple Taffy,Games,1.99
409,Garden Vegetable Soup,Jewelry,3.29
410,Wooden Kitchen Utensil Set,Kids,19.99
411,Vegetable Quinoa Bowl,Toys,5.99
412,Oven Thermometer,Beauty,11.99
413,Cocoa Powder,Electronics,3.99
414,Cable Knit Cardigan,Tools,49.99
415,Balsamic Salad Dressing,Industrial,2.99
416,Chunky Knit Sweater,Electronics,59.99
417,Baking Soda,Jewelry,0.99
418,Lentil Vegetable Curry,Books,4.49
419,Cacao Powder,Outdoors,4.49
420,Peach Salsa,Automotive,3.29
421,Noise Cancelling Ear Muffs,Computers,24.99
422,Travel Pillow,Sports,22.99
423,Nordic Berry Smoothie,Computers,3.99
424,Honey Sesame Chicken Mix,Sports,8.99
425,Samoas Cookie Mix,Books,5.59
426,Tuscan Bean Soup,Outdoors,2.49
427,Coconut Rice,Clothing,2.29
428,Kids' Activity Book,Jewelry,14.99
429,Herbal Tea Sampler Box,Computers,29.99
430,Memory Foam Mattress Pad,Home,69.99
431,Organic Coconut Oil,Computers,8.99
432,Ricotta Cheese,Books,4.99
433,Sweet Corn Fritters,Grocery,4.49
434,Canned Black Beans,Games,1.29
435,Caramel Sauce,Garden,3.49
436,Garam Masala Spice Blend,Games,2.79
437,Folding Table,Garden,59.99
438,Weighted Blanket,Industrial,79.99
439,Chocolate Mint Thins,Home,2.99
440,Peach Salsa,Health,3.29
441,White Rice,Books,1.49
442,Cucumber Relish,Toys,3.39
443,Sunflower Seeds,Computers,2.99
444,Measuring Cups Set,Grocery,19.99
445,Sriracha Sauce,Industrial,3.19
446,Car Vacuum,Beauty,49.99
447,Vegetable Samosas,Home,4.99
448,Butternut Squash Ravioli,Books,6.29
449,Solar Power Bank,Outdoors,39.99
450,Collapsible Colander,Baby,14.99
451,Beef Stroganoff Meal Kit,Jewelry,12.99
452,Fresh Basil Pesto,Electronics,4.79
453,Blackberry Compote,Health,5.29
454,Classic Cheeseburger Mix,Beauty,5.49
455,Honey mustard chicken tenders,Shoes,7.99
456,Digital Photo Frame,Jewelry,79.99
457,Sesame Ginger Dressing,Garden,4.09
458,Classic Caesar Salad Kit,Games,4.99
459,Cinnamon Rolls,Books,4.49
460,Electric Heat Pad,Garden,24.99
461,Measuring Cups Set,Games,19.99
462,Ceramic Cookware Set,Computers,179.99
463,Herb Seasoned Croutons,Movies,2.99
464,Pressure Cooker,Books,89
465,Coffee Maker,Clothing,89.99
466,Adjustable Standing Desk,Music,299.99
467,Pet Grooming Gloves,Toys,9.99
468,Chicken Salad Kit,Toys,5.99
469,Cordless Electric Screwdriver,Kids,39.99
470,Portable Grill Cover,Games,24.99
471,Kids' Activity Book,Jewelry,14.99
472,Over-the-Door Shoe Organizer,Beauty,22.99
473,Sliced Olives,Sports,1.99
474,Pocket Blanket,Books,24.99
475,Compact Refrigerator,Outdoors,199.99
476,Kids' Art Supplies Kit,Shoes,29.99
477,Oven Mitts,Home,15.99
478,Watercolor Brush Pens,Movies,19.99
479,Pork Chops,Shoes,9.49
480,Pumpkin Pancake Mix,Grocery,4.19
481,Foam Roller for Muscle Recovery,Shoes,29.99
482,Kids' Craft Supplies Set,Outdoors,24.99
483,Smart Plug,Music,19.99
484,Organic Coconut Flakes,Baby,3.49
485,Cinnamon Roll Protein Bar,Kids,2.99
486,Sunglasses,Clothing,29.99
487,Travel Organizer,Electronics,22.99
488,Chic Ankle Strap Heels,Toys,69.99
489,Savory Oats,Computers,2.49
490,Tandoori Chicken Marinade,Movies,2.49
491,Fruit and Nut Medley,Music,5.99
492,Sesame Oil,Music,3.99
493,Nutty Granola Clusters,Baby,2.49
494,Children's Art Set,Clothing,34.99
495,Portable Folding Picnic Table,Sports,69.99
496,Garden Tool Set,Books,34.99
497,Classic Black Dress,Kids,79.99
498,Bamboo Bathtub Caddy,Computers,34.99
499,Smartphone Photography Tripod,Home,29.99
500,Roasted Sweet Corn,Books,1.99
501,Protein Powder,Grocery,44.99
502,BBQ Sauce,Toys,3.49
503,Wall Calendar,Outdoors,17.99
504,Pumpkin Spice Creamer,Grocery,3.79
505,Photo Album,Grocery,24.99
506,Aged White Cheddar Popcorn,Health,2.99
507,Andouille Sausage,Baby,5.49
508,Crispy Chickpeas,Grocery,2.99
509,Personal Blender with Cups,Sports,34.99
510,Pretzel Bites,Jewelry,4.99
511,Gardening Fairy Figurines,Electronics,14.99
512,Electric Griddle with Removable Plates,Industrial,59.99
513,Body Pillow Case,Beauty,14.99
514,DIY Candle Kit,Sports,34.99
515,Wireless Game Controller,Tools,39.99
516,Kids' Trampoline,Kids,139.99
517,Smart Thermostat,Clothing,149.99
518,Chickpea Snack Mix,Sports,3.49
519,Crispy Tofu Bites,Tools,4.99
520,Pet Grooming Gloves,Kids,9.99
521,Mediterranean Couscous,Music,3.59
522,Puffer Winter Coat,Industrial,99.99
523,Scent Diffuser Oil,Games,14.99
524,Sports Bottle,Games,15.99
525,Cherry Almond Protein Bar,Games,1.99
526,Luxury Bathrobe,Movies,49.99
527,Portable Ice Maker,Outdoors,199.99
528,Wireless Charging Pad,Home,19.99
529,Tuscan Bean Soup,Industrial,2.49
530,Chopping Board,Beauty,29.99
531,Classic Leather Wallet,Electronics,34.99
532,Camping Chair with Cooler,Home,49.99
533,Travel Beach Blanket,Baby,29.99
534,Beef Taco Skillet,Toys,8.49
535,Inspirational Wall Art,Kids,24.99
536,Ice Cream,Games,5.99
537,Smartphone Projector,Beauty,29.99
538,Set of Gardening Gloves with Claws,Industrial,15.99
539,Chocolate Chip Cliff Bars,Outdoors,2.49
540,Pet Bed with Removable Cover,Beauty,49.99
541,Thai Peanut Dressing,Industrial,3.29
542,Honey,Sports,5.49
543,Fitness Tracker Watch,Outdoors,79.99
544,Caribbean Jerk Marinade,Industrial,3.79
545,Non-Slip Yoga Socks,Baby,12.99
546,Blueberry Oatmeal Cups,Tools,3.29
547,Water Bottle,Beauty,18.99
548,Organic Vanilla Bean Ice Cream,Electronics,5.99
549,Reversible Comforter Set,Home,89.99
550,LED Desk Lamp with USB Charging,Computers,39.99
551,Asian Stir-Fry Kit,Grocery,5.49
552,Buffalo Cauliflower Wings,Computers,6.99
553,Pet Bed with Removable Cover,Grocery,49.99
554,Ground Cinnamon,Music,1.99
555,Bluetooth Tracker,Music,19.99
556,Set of Silicone Baking Molds,Health,15.99
557,Smartphone Projector Kit,Garden,24.99
558,Portable Pet Water Bottle,Clothing,18.99
559,Classic Pesto Sauce,Movies,4.29
560,Gardening Gloves with Claws,Kids,24.99
561,Portable Massage Gun,Industrial,79.99
562,Apricot Jam,Books,4.29
563,Phone Screen Protector,Kids,12.99
564,Over-the-Door Hooks,Tools,12.99
565,Wall-Mounted Wine Rack,Sports,39.99
566,Set of Herb Garden Markers,Music,8.99
567,Mediterranean Chickpea Bowl,Health,6.49
568,Denim Jacket,Tools,69.99
569,Ethical Wool Scarf,Games,29.99
570,Crispy Chickpeas,Music,2.99
571,Mesh Sports Leggings,Jewelry,39.99
572,Coconut Oil,Garden,6.49
573,Whole Wheat Pasta,Baby,2.49
574,Measuring Cups Set,Music,19.99
575,Chicken Sausage,Grocery,6.99
576,Strawberry Fruit Spread,Games,3.59
577,Self-Adhesive Wallpaper,Electronics,34.99
578,Reversible Comforter Set,Books,89.99
579,Whole Roasted Chicken,Industrial,9.99
580,Teriyaki Chicken Wings,Kids,10.99
581,Classic Leather Wallet,Electronics,34.99
582,Golf Polo Shirt,Automotive,39.99
583,Bluetooth Headphones,Home,79.99
584,DIY Candle Making Kit,Movies,22.99
585,Lemon Garlic Shrimp,Jewelry,8.99
586,Coconut Curry Sauce,Health,3.89
587,Chocolate Coconut Protein Balls,Games,2.99
588,Pet Carrier Backpack,Beauty,39.99
589,Raspberry Lemonade Mix,Music,3.99
590,Trainers with Mesh Inserts,Grocery,69.99
591,Classic Vanilla Fudge,Shoes,4.49
592,Spicy Hummus,Garden,3.49
593,Organic Coconut Yogurt,Jewelry,4.49
594,Reusable Food Storage Bags,Automotive,19.99
595,Natural Soy Candles,Industrial,19.99
596,Ice Pack,Books,8.99
597,Compact Dishwasher,Garden,299.99
598,Compressible Packing Cubes,Movies,29.99
599,Phone Case,Industrial,14.99
600,Interactive Plush Toy,Movies,34.99
601,Smartphone Car Mount with Wireless Charging,Outdoors,39.99
602,Electric Air Pump,Home,29.99
603,Smartphone Gimbal,Grocery,89.99
604,USB Wall Charger,Music,19.99
605,Puff Pastry,Home,5.49
606,Peanut Butter Granola,Outdoors,4.99
607,Pasta (Fusilli),Movies,1.79
608,Lemon Herb Grilled Chicken,Health,9.99
609,Personal Blender with Cups,Industrial,34.99
610,Throw Pillow Covers,Kids,22.99
611,Bodyweight Resistance Bands,Automotive,22.99
612,Shoe Organizer,Automotive,39.99
613,Wireless Mouse,Movies,25.99
614,LED Makeup Mirror,Baby,39.99
615,Pet Hair Vacuum Cleaner Attachment,Beauty,14.99
616,USB Desk Fan,Health,14.99
617,Roasted Garlic Butter,Clothing,3.29
618,Chia Seed Pudding,Health,3.99
619,Adjustable Kitchen Broom Stand,Automotive,14.99
620,Instant Camera,Electronics,89.99
621,High-Pressure Handheld Shower Head,Tools,39.99
622,Ceramic Bakeware Set,Industrial,49.99
623,Adjustable Resistance Bands,Computers,39.99
624,Vacuum Sealer Machine,Grocery,89.99
625,Portable Hammock Swing,Sports,59.99
626,Berry Smoothie Mix,Health,4.99
627,DIY Lip Balm Making Kit,Garden,22.99
628,Portable Solar Phone Charger,Industrial,29.99
629,Air Mattress,Grocery,49.99
630,Portable Pet Water Bottle,Industrial,18.99
631,Travel Document Organizer,Music,15.99
632,Teriyaki Chicken Wings,Music,10.99
633,Almond Flour Pizza Crust,Baby,7.99
634,Honey Sesame Chicken Mix,Tools,8.99
635,Multifunctional Baby Bottle Warmer,Kids,39.99
636,Apple Pie Filling,Health,3.49
637,Cabbage Slaw Mix,Computers,2.29
638,Adjustable Skipping Rope,Jewelry,12.99
639,Sporty Cap,Sports,15.99
640,Vegetable and Cheese Quesadillas,Tools,6.99
641,Roasted Red Pepper Dip,Toys,3.29
642,Ginger Turmeric Tea,Computers,3.49
643,Memory Card,Kids,15.99
644,Salt and Pepper Grinder Set,Tools,19.99
645,Luxury Memory Foam Mattress Topper,Sports,129.99
646,Foam Roller for Muscle Recovery,Baby,29.99
647,Wireless Earbuds,Clothing,69.99
648,Backpacking Tent,Clothing,109.99
649,Wireless Earbud Silicone Covers,Home,9.99
650,Basil Tomato Soup,Toys,2.99
651,Pineapple Teriyaki Chicken Mix,Electronics,6.99
652,Suede Ankle Booties,Electronics,79.99
653,Chocolate Coconut Granola,Outdoors,3.79
654,Smart Thermostat with Wi-Fi,Garden,169.99
655,Elderberry Syrup,Home,11.99
656,Reusable Silicone Food Storage Bags,Kids,19.99
657,Bicycle Lock,Grocery,29.99
658,Vegan Mayonnaise,Jewelry,4.49
659,Portable Massage Table,Clothing,199.99
660,Smartphone Car Mount with Wireless Charging,Toys,39.99
661,Faux Fur Throw Blanket,Beauty,39.99
662,Honey Wheat Pretzels,Beauty,3.49
663,Chickpea Pancakes,Computers,4.99
664,Smart Doorbell,Tools,119.99
665,Organic Vanilla Bean Ice Cream,Shoes,5.99
666,Garlic Herb Seasoning,Industrial,1.99
667,Garlic Parmesan Roasted Nuts,Electronics,4.89
668,Mint Chocolate Chip Ice Cream,Toys,4.99
669,Cotton Quilted Throw Blanket,Health,39.99
670,Cauliflower Pizza Crust,Toys,5.99
671,Chipotle Black Bean Burger,Games,4.99
672,Baby Monitor,Movies,79.99
673,Cheesy Cauliflower Bake,Automotive,5.49
674,Men's Waterproof Hiking Boots,Games,89.99
675,Smartphone Tripod with Remote,Jewelry,29.99
676,Non-Stick Grill Mat,Music,19.99
677,Portable UV Sterilizer,Toys,19.99
678,Yoga Strap,Garden,12.99
679,Black Olives,Shoes,1.99
680,Electric Pressure Washer,Clothing,199.99
681,LED Strip Lights Kit,Grocery,29.99
682,Aged White Cheddar Popcorn,Garden,2.99
683,Stuffed Peppers with Quinoa,Shoes,7.99
684,Chipotle Black Bean Burger,Industrial,4.99
685,Motion Sensor Light,Computers,19.99
686,Kids' Activity Book,Health,14.99
687,Smart Light Bulbs,Beauty,34.99
688,Indian Curry Sauce,Garden,3.69
689,Bamboo Charcoal Air Purifier Bags,Grocery,12.99
690,Veggie Burger Patties,Baby,5.99
691,Ramen Noodle Soup Cups,Toys,1.29
692,Ceramic Non-Stick Frying Pan,Electronics,39.99
693,Mango Chia Pudding,Games,4.49
694,Bamboo Cutting Board,Movies,22
695,Organic Green Tea,Home,4.29
696,Travel Beach Blanket,Electronics,29.99
697,Foldable Yoga Mat,Kids,29.99
698,Action Camera,Industrial,199.99
699,Maple Breakfast Sausage,Shoes,5.99
700,Solar Power Bank,Garden,39.99
701,Organic Whole Wheat Flour,Shoes,2.99
702,Smartphone Photography Ring Light,Movies,29.99
703,Car Phone Mount,Outdoors,15.99
704,Creamy Coleslaw Mix,Movies,2.39
705,Printed Maxi Skirt,Toys,39.99
706,Zucchini Noodle Pasta,Sports,3.99
707,Portable Dog Water Bottle,Movies,18.99
708,Compact Pop-Up Tent,Kids,69.99
709,Chicken Fajita Kit,Outdoors,8.99
710,Sweet Chili Thai Sauce,Grocery,3.49
711,Travel Sewing Kit,Beauty,12.99
712,Pork Tenderloin,Home,10.99
713,Roasted Red Pepper Sauce,Movies,3.29
714,LED Flashing Pet Collar,Books,14.99
715,Pet Bed with Removable Cover,Beauty,49.99
716,Chili Powder,Jewelry,2.09
717,Tattoo Kit,Beauty,99.99
718,Kettle BBQ Grill,Toys,99.99
719,Cinnamon Sugar Mix,Sports,1.49
720,Classic Pesto Sauce,Home,4.29
721,Window A/C Unit,Baby,299.99
722,Adjustable Height Standing Desk Converter,Books,89.99
723,Ultraviolet Phone Sanitizer,Movies,39.99
724,Pet Hair Removal Roller,Music,10.99
725,Smartphone Hand Grip,Kids,9.99
726,Foot Spa Bath Massager,Electronics,59.99
727,Folding Pocket Knife,Games,24.99
728,Wireless Wi-Fi Extender,Games,49.99
729,Air Fryer Oven,Automotive,149.99
730,Self-Watering Planters,Baby,49.99
731,Whole Grain Hamburger Buns,Grocery,2.69
732,Organic Spinach,Automotive,2.99
733,Chickpea Pasta,Computers,4.19
734,Portable Hand Warmer,Electronics,24.99
735,Pet Grooming Brush,Outdoors,19.99
736,Tandoori Chicken Skewers,Games,7.99
737,Vegan Mayonnaise,Grocery,4.49
738,Whole Roasted Chicken,Beauty,9.99
739,Dried Apricots,Garden,3.79
740,Self-Inflating Camping Mattress,Clothing,49.99
741,Thai Peanut Noodles,Beauty,4.99
742,Soft Plush Throw Blanket,Movies,29.99
743,Key Finder,Music,19.99
744,Chili Garlic Sauce,Health,2.49
745,Portable Pet Pooper Scooper,Sports,12.99
746,Pet Grooming Kit,Music,39.99
747,Vegetable Lentil Soup,Home,3.49
748,Eggs (dozen),Sports,2.99
749,Pet Carrier,Tools,39.99
750,Mini Air Hockey Table,Electronics,39.99
751,Herb Seasoned Couscous,Industrial,2.49
752,Lemon Herb Grilled Chicken,Clothing,9.99
753,Rechargeable Laptop Battery Pack,Electronics,49.99
754,Shoe Organizer,Movies,39.99
755,Smart Water Bottle with Hydration Reminder,Computers,39.99
756,Basil Pesto Pasta,Jewelry,6.49
757,Sliced Strawberries,Toys,4.99
758,Folding Exercise Bike,Sports,199.99
759,Italian Sausage Links,Clothing,5.99
760,Spicy Beef Taco Mix,Toys,1.99
761,Motorcycle Phone Mount,Computers,14.99
762,Yoga Wheel,Automotive,34.99
763,Laptop Backpack,Music,69.99
764,Kale Salad Kit,Tools,4.99
765,Barbecue Chicken Pizza,Clothing,8.99
766,Herbal Tea Set,Outdoors,19.99
767,Andouille Sausage,Tools,5.49
768,Pineapple Salsa,Computers,4.29
769,Almond Butter Granola Bars,Kids,4.99
770,Sweet Cherry Tomatoes,Movies,2.99
771,Cajun Seasoning,Outdoors,1.99
772,Rustic Italian Bread,Health,3.59
773,Foam Building Blocks for Kids,Health,22.99
774,Crispy Tofu Bites,Home,4.99
775,Spicy Tuna Salad,Automotive,4.49
776,Sous Vide Cooker,Home,79.99
777,Mini Electric Kettle,Electronics,29.99
778,Wireless Keyboard and Mouse Combo,Electronics,34.99
779,Teriyaki Chicken Wings,Automotive,10.99
780,Jasmine Rice,Home,2.39
781,Instant Mashed Potatoes,Baby,1.79
782,Beef Stroganoff Meal Kit,Books,12.99
783,Mini Food Processor,Toys,39.99
784,3D Night Light,Kids,19.99
785,Avocado Lime Dressing,Electronics,4.29
786,Herbal Tea Set,Baby,19.99
787,Caramelized Onion Dip,Books,3.99
788,Folding Table,Grocery,59.99
789,Mediterranean Chickpea Bowl,Jewelry,6.49
790,Portable Air Purifier,Music,69.99
791,Electric Toothbrush Holder,Kids,14.99
792,Lentil Pasta,Beauty,4.99
793,Essential Oils Diffuser Necklace,Kids,19.99
794,Chocolate Chip Cookie Mix,Industrial,2.49
795,Backpack,Clothing,49.99
796,Travel Beach Blanket,Baby,29.99
797,Vegetable Korma,Games,6.49
798,Electric Knife,Grocery,39.99
799,Organic Baby Carrots,Health,2.99
800,Mini Fondue Set,Kids,34.99
801,Garlic Naan Bread,Baby,3.99
802,Salsa Verde,Games,3.49
803,Wall-Mounted Organizer,Movies,34.99
804,Greek Yogurt Parfait,Books,4.49
805,Bluetooth Shower Speaker,Toys,24.99
806,Trail Mix (Deluxe),Outdoors,4.59
807,Wire Shelving Unit,Electronics,69.99
808,Coconut Chips,Home,3.59
809,Tomato Sauce,Tools,2.79
810,Basil Tomato Soup,Baby,2.99
811,Kids' Educational Tablet,Computers,129.99
812,Trackpad for Laptop,Home,49.99
813,Chocolate Coconut Protein Balls,Computers,2.99
814,Pasta Maker Machine,Baby,59.99
815,Smoked Salmon,Shoes,14.99
816,Sweet Potato Mash,Toys,3.99
817,Teriyaki Beef Jerky,Games,5.49
818,DIY Lip Balm Making Kit,Electronics,22.99
819,Black Bean & Corn Salad,Home,3.99
820,Ground Turkey,Tools,5.49
821,Fitness Smartwatch,Automotive,99.99
822,Multi-Cooker,Games,89.99
823,Pineapple Coconut Rice Mix,Books,3.99
824,Ripped Boyfriend Jeans,Home,54.99
825,Body Wash,Automotive,12.99
826,Oven-Baked Parmesan Zucchini,Sports,4.99
827,Incense Holder,Garden,14.99
828,Portable Air Conditioner,Automotive,299.99
829,Dried Cranberries,Games,4.29
830,Garden Vegetable Soup,Garden,3.29
831,Vegetable Stock,Clothing,2.49
832,Digital Camera,Industrial,299.99
833,Feta Cheese,Games,4.99
834,Self-Adhesive Wallpaper,Home,34.99
835,Tennis Racket,Kids,89.99
836,Pumpkin Puree,Health,2.99
837,Plant-Based Meal Prep Containers,Books,18.99
838,Hiking Water Bottle with Filter,Books,29.99
839,Reusable Silicone Food Storage Bags,Grocery,19.99
840,Pumpkin Waffles,Electronics,4.49
841,Adjustable Bar Stools,Books,149.99
842,Low-Fat Cottage Cheese,Clothing,2.99
843,Portable Solar Camp Shower,Sports,29.99
844,Foam Muscle Roller,Kids,24.99
845,Sesame Oil,Movies,3.99
846,Fitness Mat,Industrial,49.99
847,Spicy Tuna Salad,Toys,4.49
848,Fitness Smartwatch,Movies,99.99
849,Vegetable Spring Rolls,Baby,6.49
850,Digital Camera,Tools,299.99
851,Turmeric Ginger Tea,Automotive,3.29
852,Set of Measuring Spoons,Outdoors,12.99
853,Blue Corn Tortilla Chips,Shoes,3.49
854,Sesame Garlic Noodles,Home,3.49
855,Pineapple Coconut Yogurt,Grocery,4.49
856,Organic Tomato Ketchup,Tools,3.49
857,Coffee Subscription Service,Home,29.99
858,Vegetable Spring Rolls,Jewelry,6.49
859,Pet Travel Bed,Electronics,26.99
860,Electric Griddle with Lid,Books,49.99
861,Electric Butter Churn,Movies,49.99
862,Coconut Water,Electronics,2.49
863,Feta Cheese,Shoes,4.99
864,High-Speed Blender,Automotive,99.99
865,Kids' Art Easel,Baby,58.99
866,Creamy Tomato Basil Soup,Grocery,3.29
867,Organic Sweet Potatoes,Toys,1.99
868,Basil Lemonade,Toys,2.99
869,Eco-Friendly Notepad,Tools,8.99
870,Pineapple Coconut Bars,Shoes,3.79
871,Travel Organizer,Garden,22.99
872,Canned Coconut Milk,Games,1.89
873,Corn Tortillas,Tools,2.49
874,Compact Shoe Rack,Computers,34.99
875,Vanilla Ice Cream,Music,4.99
876,Apple Cinnamon Granola,Baby,4.49
877,Chocolate Almond Milk,Industrial,2.79
878,Portable Pet Water Bottle,Grocery,18.99
879,Sweet BBQ Dipping Sauce,Games,3.49
880,Tomato Basil Pasta Sauce,Electronics,3.99
881,Marinated Artichokes,Movies,3.79
882,Portable Pet Pooper Scooper,Jewelry,12.99
883,DIY Lip Balm Making Kit,Tools,22.99
884,Cilantro Lime Rice,Health,2.99
885,Fishing Rod,Movies,49.99
886,Creamy Tomato Basil Soup,Books,3.29
887,Golf Polo Shirt,Outdoors,39.99
888,Smartphone Tripod,Music,29.99
889,Freestanding Wine Rack,Electronics,79.99
890,Berries Medley,Beauty,6.99
891,Digital Food Thermometer,Baby,19.99
892,Smart Thermos,Grocery,39.99
893,Travel Laundry Bag,Computers,9.99
894,Compact Hair Dryer,Music,29.99
895,Wireless HDMI Transmitter,Grocery,79.99
896,Garlic and Herb Cream Cheese,Toys,3.49
897,Sustainable Wooden Toys,Jewelry,29.99
898,Electric Butter Churn,Kids,49.99
899,Almond Flour Tortillas,Electronics,4.99
900,Portable Refrigerator Freezer,Beauty,299.99
901,Cinnamon Sugar Tortilla Chips,Games,3.29
902,Camping Chair with Cooler,Beauty,49.99
903,Energy Bites,Tools,3.99
904,Collapsible Camping Cup,Baby,9.99
905,Balsamic Glaze,Books,4.79
906,Portable Solar Camp Shower,Books,29.99
907,Berries Medley,Kids,6.99
908,Vegetable Medley,Jewelry,2.99
909,Interchangeable Watch Bands,Jewelry,24.99
910,Canned Black Beans,Movies,1.29
911,Outdoor Mosquito Repellent Lantern,Books,34.99
912,Thai Green Curry Paste,Home,2.49
913,Water Bottle with Built-in Fruit Infuser,Movies,18.99
914,Energy Protein Bars,Music,2.29
915,Creamy Garlic Dressing,Games,3.99
916,Oven Mitts,Music,15.99
917,Balsamic Salad Dressing,Clothing,2.99
918,Leek and Potato Soup,Grocery,3.29
919,Plant-Based Cookbook,Jewelry,29.99
920,Pet Reflective Vest,Garden,18.99
921,Portable Solar Charger,Beauty,29.99
922,Grapes (red),Sports,3.49
923,Ergonomic Gaming Chair,Toys,199.99
924,Wireless HDMI Receiver,Games,49.99
925,Wall-Mounted Wine Rack,Automotive,39.99
926,Scented Soy Candles,Kids,19.99
927,Organic Coconut Sugar,Toys,4.19
928,Adjustable Dumbbells,Health,249.99
929,Greek Yogurt Parfait,Outdoors,4.49
930,Organic Chia Seeds,Kids,7.99
931,Wireless Security Camera,Home,109.99
932,Tomato Basil Pasta Sauce,Computers,3.99
933,Kids' Gardening Kit,Beauty,24.99
934,Thermostatic Shower Valve Kit,Computers,39.99
935,Coconut Water,Computers,2.49
936,Watering Can with Nozzle,Clothing,19.99
937,Pet Water Bottle,Tools,18.99
938,Hummus,Games,4.29
939,Heated Throw Blanket,Music,49.99
940,Vintage Button-Down Shirt,Clothing,45.99
941,BBQ Sauce,Automotive,3.49
942,Vegetable Stir Fry Mix,Kids,3.29
943,Bike Helmet,Garden,34.99
944,Electric Egg Cooker,Computers,29.99
945,Organic Brown Sugar,Health,2.49
946,Nut Butter Cups,Music,3.99
947,Karaoke Microphone,Baby,39.99
948,Eco-Friendly Stainless Steel Straws,Kids,12.99
949,Spiralizer,Tools,22.99
950,Electric Griddle,Music,54.99
951,DIY Candle Kit,Baby,34.99
952,Phone Screen Protector,Music,12.99
953,Sesame Oil,Health,3.99
954,Collapsible Pet Dog Bowl,Garden,9.99
955,Smart Light Bulbs,Shoes,34.99
956,Almond Quinoa Salad,Sports,5.99
957,Smartphone UV Sanitizer,Jewelry,39.99
958,Cheesy Broccoli Soup Mix,Tools,2.99
959,Ceramic Bakeware Set,Health,49.99
960,Deep Tissue Massage Gun,Automotive,89.99
961,Honey Sesame Chicken,Health,8.99
962,Bock Beer Mustard,Beauty,2.29
963,Teriyaki Beef Strips,Shoes,7.49
964,Spicy Tuna Rolls,Tools,6.49
965,Couscous Mix,Automotive,2.49
966,Phone Case,Home,14.99
967,Wall-Mounted Spice Rack,Jewelry,39.99
968,Lemon Herb Quinoa,Toys,3.49
969,Balsamic Glazed Brussels Sprouts,Baby,4.99
970,Cauliflower Gnocchi,Clothing,3.59
971,Electric Heating Pad,Electronics,20.99
972,Quinoa and Kale Salad Kit,Computers,5.29
973,Portable Phone Charger,Automotive,29.99
974,Wall Art,Toys,45
975,Watercolor Paint Set,Clothing,19.99
976,Silicone Baking Molds,Automotive,15.99
977,Digital Wireless Camera,Shoes,199.99
978,Salsa Verde,Shoes,3.49
979,Lightweight Rain Jacket,Beauty,79.99
980,Honey Graham Crackers,Garden,3.29
981,Electric Razor,Movies,59.99
982,Portable SSD,Toys,129.99
983,Instant Pot,Home,89.99
984,Camera Tripod,Games,49.99
985,Portable Laptop Table,Home,39.99
986,Luxury Memory Foam Mattress Topper,Shoes,129.99
987,Window Bird Feeder with Suction Cups,Toys,28.99
988,Manual Coffee Grinder,Shoes,22.99
989,Professional Chef Knife,Music,89.99
990,Frozen Chicken Nuggets,Baby,4.49
991,Noise Cancelling Ear Muffs,Computers,24.99
992,Coconut Yogurt,Outdoors,3.89
993,Bamboo Bathtub Caddy,Electronics,34.99
994,BBQ Jackfruit,Home,4.29
995,Wine Glasses,Computers,29.99
996,Folding Backpack Chair,Automotive,49.99
997,Luxury Memory Foam Mattress Topper,Shoes,129.99
998,Chocolate Chip Pancake Mix,Toys,3.99
999,Reusable Silicone Food Storage Bags,Automotive,19.99
1000,Fall-Themed Table Runner,Industrial,19.99
